checkpoint,samples,target_global_mean_abs,pred_global_mean_abs,target_sample_std_mean,pred_sample_std_mean,target_across_dataset_std_mean,pred_across_dataset_std_mean,variance_ratio_pred_over_target,mse_pred_to_target,mse_meanpose_to_target,pred_target_mean_pose_gap
resnet1d_batchdiv_env3val_env4test.pth,256,0.6035374402999878,0.5834380984306335,0.7811529636383057,0.7247315645217896,0.14176394045352936,0.022089874371886253,0.1558215171098709,0.049029041081666946,0.03391234204173088,0.12424720078706741
resnet1d_batchdivsched_env3val_env4test.pth,256,0.6035374402999878,0.5744322538375854,0.7811529636383057,0.715660810470581,0.14176394045352936,0.019885290414094925,0.1402704268693924,0.04950423166155815,0.03391234204173088,0.13071824610233307
resnet1d_batchdivsched_env3val_env4test_last.pth,256,0.6035374402999878,0.5956892967224121,0.7811529636383057,0.7438808083534241,0.14176394045352936,0.13917145133018494,0.9817125201225281,0.06736259162425995,0.03391234204173088,0.10276706516742706
